matrix_name,program_type,best_schedule,waco_time_ms,fixed_csr_time_ms
144,sddmm,1 4 32 j1 j0 i1 i0 k1 k0 0 1 0 1 j1 48 2 = 15.7612 ms,15.7612,15.7078
192bit,sddmm,1 1 8 i1 j1 j0 i0 k1 k0 1 1 0 0 i1 48 4 = 0.387722 ms,0.387722,8.86872
208bit,sddmm,1 1 1 j1 i1 i0 j0 k1 k0 0 1 0 1 j1 48 16 = 8.94493 ms,8.94493,9.09577
2D_27628_bjtcai,sddmm,1 16 1 j1 j0 i1 i0 k1 k0 0 1 1 1 j1 48 2 = 8.9482 ms,8.9482,9.00181
2D_54019_highK,sddmm,1 16 1 j1 j0 i1 i0 k1 k0 0 0 0 1 j1 48 4 = 9.44843 ms,9.44843,9.73365
2cubes_sphere,sddmm,1 4 128 j1 j0 i1 i0 k1 k0 0 1 0 1 j1 48 32 = 10.67 ms,10.67,11.6238
3D_28984_Tetra,sddmm,1 16 1 j1 j0 i1 i0 k1 k0 0 1 1 1 j1 48 2 = 9.04357 ms,9.04357,9.11908
3D_51448_3D,sddmm,1 8 1 j1 j0 i1 i0 k1 k0 0 1 0 1 j1 48 4 = 9.41661 ms,9.41661,9.58702
3Dspectralwave2,sddmm,1 1 1 j1 j0 i1 i0 k1 k0 0 1 1 0 j1 48 32 = 18.1375 ms,18.1375,18.3708
3dtube,sddmm,32768 8 64 j1 j0 i1 i0 k1 k0 0 0 0 1 j1 48 2 = 10.3059 ms,10.3059,10.5436
598a,sddmm,1 4 128 j1 j0 i1 i0 k1 k0 0 1 0 1 j1 48 32 = 13.2524 ms,13.2524,15.7182
ABACUS_shell_hd,sddmm,1 1 1 j1 j0 i1 i0 k1 k0 0 1 1 0 j1 48 32 = 8.84854 ms,8.84854,8.88096
ABACUS_shell_ld,sddmm,1 1 1 j1 j0 i1 i0 k1 k0 0 1 1 0 j1 48 32 = 8.8642 ms,8.8642,8.84959
ABACUS_shell_md,sddmm,1 1 1 j1 j0 i1 i0 k1 k0 0 1 1 0 j1 48 32 = 8.84618 ms,8.84618,8.91097
ABACUS_shell_ud,sddmm,1 1 128 j1 j0 i1 k1 i0 k0 0 0 1 0 j1 48 16 = 0.266332 ms,0.266332,8.91647
ASIC_100k,sddmm,1 1 8 i1 j1 j0 i0 k1 k0 1 1 0 0 i1 48 4 = 17.2742 ms,17.2742,22.6596
ASIC_100ks,sddmm,1 8 1 j1 j0 i1 i0 k1 k0 0 1 0 1 j1 48 4 = 10.1039 ms,10.1039,10.463
ASIC_320k,sddmm,1 1 1 j1 i1 i0 j0 k1 k0 0 1 0 1 j1 48 16 = 30.2926 ms,30.2926,31.0583
ASIC_320ks,sddmm,1 4 1 j1 i1 j0 i0 k1 k0 0 1 1 1 j1 48 32 = 13.7543 ms,13.7543,14.9709
ASIC_680k,sddmm,1 4 1 j1 i1 i0 j0 k1 k0 0 0 0 1 j1 48 32 = 77.9386 ms,77.9386,60.7606
ASIC_680ks,sddmm,32 1 1 i1 i0 j1 j0 k1 k0 0 0 0 1 i1 48 16 = 17.0577 ms,17.0577,19.9995
Andrews,sddmm,1 4 128 j1 j0 i1 i0 k1 k0 0 1 0 1 j1 48 32 = 10.2112 ms,10.2112,10.8488
Baumann,sddmm,1 16 1 j1 j0 i1 i0 k1 k0 0 1 0 1 j1 48 8 = 10.4335 ms,10.4335,11.3083
CAG_mat1916,sddmm,32768 1 128 j1 j0 i1 i0 k1 k0 1 0 1 0 j1 48 4 = 8.76138 ms,8.76138,8.69567
CO,sddmm,1 1 1 j1 i1 j0 i0 k1 k0 0 1 1 1 j1 48 8 = 17.1433 ms,17.1433,18.4862
Chebyshev4,sddmm,1 4 32 j1 j0 i1 i0 k1 k0 0 1 0 1 j1 48 2 = 11.8178 ms,11.8178,28.2536
Chevron1,sddmm,1 16 1 j1 j0 i1 i0 k1 k0 0 1 1 1 j1 48 8 = 8.92129 ms,8.92129,9.02511
Chevron2,sddmm,1 8 1 j1 j0 i1 i0 k1 k0 0 1 0 1 j1 48 32 = 9.83537 ms,9.83537,10.5564
Chevron3,sddmm,1 8 1 j1 j0 i1 i0 k1 k0 0 1 0 1 j1 48 32 = 14.4754 ms,14.4754,17.7908
Chevron4,sddmm,32 1 8 i1 i0 j1 j0 k1 k0 0 1 0 1 i1 48 32 = 19.9989 ms,19.9989,25.4314
CurlCurl_0,sddmm,1 1 16 i1 j1 j0 i0 k1 k0 0 1 0 1 i1 48 8 = 0.219567 ms,0.219567,8.75951
CurlCurl_1,sddmm,1 16 1 j1 j0 i1 i0 k1 k0 0 1 1 1 j1 48 8 = 12.5284 ms,12.5284,13.5673
D6-6,sddmm,1 1 1 j1 i1 i0 j0 k1 k0 0 1 0 1 j1 48 16 = 8.93344 ms,8.93344,9.19343
Delor295K,sddmm,32 1 1 i1 j1 j0 i0 k1 k0 1 0 0 1 i1 48 4 = 14.1805 ms,14.1805,16.2961
Delor338K,sddmm,32 1 1 i1 j1 j0 i0 k1 k0 1 0 0 0 i1 48 32 = 14.2637 ms,14.2637,16.2132
Delor64K,sddmm,16 1 1 i1 j1 j0 i0 k1 k0 0 0 0 1 i1 48 4 = 10.5185 ms,10.5185,11.023
Dubcova1,sddmm,1 1 1 j1 i1 j0 i0 k1 k0 0 1 1 1 j1 48 4 = 0.534935 ms,0.534935,8.90488
Dubcova2,sddmm,1 1 1 j1 j0 i1 i0 k1 k0 0 1 1 0 j1 48 32 = 10.0618 ms,10.0618,10.3999
Dubcova3,sddmm,1 8 1 j1 j0 i1 i0 k1 k0 0 1 0 1 j1 48 4 = 14.4 ms,14.4,14.9158
EAT_RS,sddmm,1 1 1 j1 i1 i0 j0 k1 k0 0 1 1 1 j1 48 8 = 0.477063 ms,0.477063,9.12688
EAT_SR,sddmm,1 1 1 j1 i1 i0 j0 k1 k0 0 1 0 1 j1 48 16 = 9.07594 ms,9.07594,9.07159
ESOC,sddmm,8 1 1 i1 i0 j1 j0 k1 k0 1 1 0 1 i1 48 2 = 13.2433 ms,13.2433,12.8423
EX5,sddmm,1 1 1 j1 i1 j0 i0 k1 k0 0 1 1 1 j1 48 8 = 8.87446 ms,8.87446,8.91953
EX6,sddmm,32768 1 128 j1 j0 i1 i0 k1 k0 1 0 1 0 j1 48 4 = 0.355528 ms,0.355528,8.95926
EternityII_A,sddmm,1 16 1 j1 j0 i1 i0 k1 k0 0 1 1 1 j1 48 2 = 9.69118 ms,9.69118,11.6797
EternityII_E,sddmm,1 4 1 j1 i1 i0 j0 k1 k0 0 1 1 1 j1 48 16 = 10.9671 ms,10.9671,19.1951
EternityII_Etilde,sddmm,1 2 1 j1 i1 i0 j0 k1 k0 0 1 1 1 j1 48 16 = 10.2244 ms,10.2244,13.1833
F2,sddmm,1 8 1 j1 j0 i1 i0 k1 k0 0 1 0 1 j1 48 4 = 12.3219 ms,12.3219,12.6623
FEM_3D_thermal1,sddmm,1 8 1 j1 j0 i1 i0 k1 k0 0 1 0 1 j1 48 2 = 8.94106 ms,8.94106,8.99807
FEM_3D_thermal2,sddmm,1 1 1 j1 j0 i1 i0 k1 k0 0 1 1 0 j1 48 32 = 11.8336 ms,11.8336,12.6327
FX_March2010,sddmm,16384 1 1 j1 j0 i1 i0 k1 k0 1 0 1 1 j1 48 4 = 8.89963 ms,8.89963,9.83009
Franz11,sddmm,4 1 1 i1 i0 j1 j0 k1 k0 1 1 0 1 i1 48 2 = 5.54881 ms,5.54881,9.08903
Franz8,sddmm,1 16 128 j1 j0 i1 i0 k1 k0 0 1 1 1 j1 48 1 = 8.67026 ms,8.67026,8.77015
G2_circuit,sddmm,1 8 1 j1 j0 i1 i0 k1 k0 0 1 0 1 j1 48 32 = 10.9182 ms,10.9182,11.9839
G3_circuit,sddmm,8 1 1 i1 i0 j1 j0 k1 k0 0 0 0 1 i1 48 32 = 36.0081 ms,36.0081,47.0802
GL7d13,sddmm,1 1 1 j1 i1 i0 j0 k1 k0 0 1 0 1 j1 48 16 = 9.20679 ms,9.20679,9.14079
GL7d14,sddmm,4 1 1 i1 i0 j1 j0 k1 k0 1 1 0 1 i1 48 2 = 12.809 ms,12.809,11.5542
GL7d15,sddmm,2 1 1 i1 i0 j1 j0 k1 k0 0 1 0 1 i1 48 8 = 32.2117 ms,32.2117,35.9757
GL7d23,sddmm,1 1 16 j1 i1 i0 j0 k1 k0 0 1 1 1 j1 48 32 = 19.0147 ms,19.0147,23.1479
GL7d24,sddmm,1 1 1 j1 i1 i0 j0 k1 k0 0 1 0 1 j1 48 16 = 9.8824 ms,9.8824,11.0003
GT01R,sddmm,65536 1 1 j1 j0 i1 i0 k1 k0 1 0 0 0 j1 48 2 = 0.561267 ms,0.561267,8.95523
G_n_pin_pout,sddmm,1 4 128 j1 j0 i1 i0 k1 k0 0 1 0 1 j1 48 32 = 11.6113 ms,11.6113,12.7788
Ga10As10H30,sddmm,32768 8 64 j1 j0 i1 i0 k1 k0 0 0 0 1 j1 48 2 = 14.0503 ms,14.0503,14.2636
Ga3As3H12,sddmm,32768 8 64 j1 j0 i1 i0 k1 k0 0 0 0 1 j1 48 2 = 12.6487 ms,12.6487,12.9602
GaAsH6,sddmm,32768 8 64 j1 j0 i1 i0 k1 k0 0 0 0 1 j1 48 2 = 11.2909 ms,11.2909,11.4297
Ge87H76,sddmm,32768 8 64 j1 j0 i1 i0 k1 k0 0 0 0 1 j1 48 2 = 14.7353 ms,14.7353,15.2051
H2O,sddmm,1 1 1 j1 j0 i1 i0 k1 k0 0 1 1 0 j1 48 32 = 11.0739 ms,11.0739,11.0007
HEP-th-new,sddmm,1 1 1 j1 i1 i0 j0 k1 k0 0 1 0 1 j1 48 16 = 9.0795 ms,9.0795,9.15067
HEP-th,sddmm,1 1 1 j1 i1 i0 j0 k1 k0 0 1 0 1 j1 48 16 = 9.0456 ms,9.0456,9.09638
HFE18_96_in,sddmm,32768 1 1 j1 j0 i1 i0 k1 k0 1 0 0 1 j1 48 16 = 9.06123 ms,9.06123,8.97741
HTC_336_4438,sddmm,1 16 1 j1 j0 i1 i0 k1 k0 0 0 0 1 j1 48 4 = 13.239 ms,13.239,14.4987
HTC_336_9129,sddmm,1 16 1 j1 j0 i1 i0 k1 k0 0 0 0 1 j1 48 4 = 13.2414 ms,13.2414,15.027
Hamrle3,sddmm,2 32 1 j1 j0 i1 i0 k1 k0 0 0 1 1 j1 48 32 = 30.2414 ms,30.2414,40.7511
IG5-14,sddmm,1 1 1 j1 i1 j0 i0 k1 k0 0 1 1 1 j1 48 8 = 8.75216 ms,8.75216,8.87055
IG5-15,sddmm,1 1 1 j1 j0 i1 i0 k1 k0 0 1 1 0 j1 48 32 = 8.76353 ms,8.76353,8.98649
IG5-16,sddmm,1 1 1 j1 j0 i1 i0 k1 k0 0 1 1 0 j1 48 32 = 8.96465 ms,8.96465,9.14925
IG5-17,sddmm,1 1 1 j1 j0 i1 i0 k1 k0 0 1 1 0 j1 48 32 = 9.31447 ms,9.31447,9.52515
IG5-18,sddmm,1 1 1 j1 j0 i1 i0 k1 k0 0 1 1 0 j1 48 32 = 10.1972 ms,10.1972,10.2864
IMDB,sddmm,32 1 1 i1 i0 j1 j0 k1 k0 0 0 0 1 i1 48 16 = 30.7441 ms,30.7441,35.6665
Ill_Stokes,sddmm,1 1 1 j1 i1 i0 j0 k1 k0 0 1 0 1 j1 48 16 = 8.88331 ms,8.88331,8.91983
Kemelmacher,sddmm,1 1 1 j1 j0 i1 i0 k1 k0 0 1 1 0 j1 48 32 = 8.73646 ms,8.73646,8.76788
Kuu,sddmm,32768 4 1 j1 j0 i1 i0 k1 k0 0 0 1 1 j1 48 2 = 8.85457 ms,8.85457,8.87189
LargeRegFile,sddmm,32 1 1 i1 i0 j1 j0 k1 k0 0 0 0 1 i1 48 8 = 27.9016 ms,27.9016,33.2818
LeGresley_87936,sddmm,1 4 128 j1 j0 i1 i0 k1 k0 0 1 0 1 j1 48 32 = 10.1306 ms,10.1306,10.76
Lin,sddmm,1 8 1 j1 j0 i1 i0 k1 k0 0 1 0 1 j1 48 32 = 12.9777 ms,12.9777,14.607
Linux_call_graph,sddmm,8 1 1 i1 i0 j1 j0 k1 k0 1 1 0 1 i1 48 2 = 13.0727 ms,13.0727,13.7358
Maragal_6,sddmm,1 8 1 j1 j0 i1 i0 k1 k0 0 1 0 1 j1 48 2 = 8.99328 ms,8.99328,9.05515
Maragal_7,sddmm,1 16 128 j1 j0 i1 i0 k1 k0 0 1 1 1 j1 48 1 = 9.49852 ms,9.49852,9.4525
Maragal_8,sddmm,1 8 1 j1 j0 i1 i0 k1 k0 0 1 0 1 j1 48 4 = 9.70284 ms,9.70284,10.3241
Muu,sddmm,1 1 1 j1 i1 j0 i0 k1 k0 0 1 1 1 j1 48 8 = 8.75141 ms,8.75141,8.82456
NACA0015,sddmm,8 1 1 i1 i0 j1 j0 k1 k0 0 0 0 1 i1 48 32 = 49.3006 ms,49.3006,51.7541
Na5,sddmm,1 1 1 j1 i1 j0 i0 k1 k0 0 1 1 1 j1 48 8 = 8.84984 ms,8.84984,8.92028
NotreDame_actors,sddmm,1 1 1 j1 i1 i0 j0 k1 k0 0 1 0 1 j1 48 16 = 13.991 ms,13.991,14.2017
NotreDame_www,sddmm,2 1 1 i1 j1 j0 i0 k1 k0 0 1 0 1 i1 48 32 = 11.5241 ms,11.5241,11.9272
OPF_10000,sddmm,1 8 1 j1 j0 i1 i0 k1 k0 0 1 0 1 j1 48 4 = 9.12617 ms,9.12617,9.22366
OPF_3754,sddmm,1 16 1 j1 j0 i1 i0 k1 k0 0 1 1 1 j1 48 2 = 8.71715 ms,8.71715,8.7901
OPF_6000,sddmm,1 8 1 j1 j0 i1 i0 k1 k0 0 1 0 1 j1 48 4 = 8.92811 ms,8.92811,8.97831
Pres_Poisson,sddmm,1 1 1 j1 j0 i1 i0 k1 k0 0 1 1 0 j1 48 32 = 9.06625 ms,9.06625,9.18147
RFdevice,sddmm,1 16 1 j1 j0 i1 i0 k1 k0 0 1 1 1 j1 48 2 = 9.81149 ms,9.81149,10.0885
Raj1,sddmm,1 2 1 j1 i1 i0 j0 k1 k0 0 1 1 1 j1 48 16 = 13.8864 ms,13.8864,14.4156
Reuters911,sddmm,1 1 1 j1 j0 i1 i0 k1 k0 0 1 1 0 j1 48 32 = 8.89696 ms,8.89696,8.94911
Rucci1,sddmm,2 4 1 j1 j0 i1 i0 k1 k0 0 0 0 1 j1 48 8 = 41.1956 ms,41.1956,27.7176
Si10H16,sddmm,1 1 1 j1 j0 i1 i0 k1 k0 0 1 1 0 j1 48 32 = 9.24429 ms,9.24429,9.26563
Si34H36,sddmm,32768 8 64 j1 j0 i1 i0 k1 k0 0 0 0 1 j1 48 2 = 13.1376 ms,13.1376,13.3381
Si5H12,sddmm,32768 4 1 j1 j0 i1 i0 k1 k0 0 0 1 1 j1 48 2 = 0.672556 ms,0.672556,9.24492
SiH4,sddmm,32768 4 1 j1 j0 i1 i0 k1 k0 0 0 1 1 j1 48 2 = 8.74618 ms,8.74618,8.71444
SiNa,sddmm,1 1 1 j1 i1 j0 i0 k1 k0 0 1 1 1 j1 48 8 = 8.77972 ms,8.77972,8.79359
SiO,sddmm,1 1 1 j1 j0 i1 i0 k1 k0 0 1 1 0 j1 48 32 = 9.56601 ms,9.56601,9.63887
Stanford,sddmm,1 1 4 j1 i1 i0 j0 k1 k0 0 0 1 1 j1 48 32 = 16.783 ms,16.783,22.1627
Stanford_Berkeley,sddmm,1 4 1 j1 i1 i0 j0 k1 k0 0 0 0 1 j1 48 32 = 16.6254 ms,16.6254,31.1524
TF16,sddmm,1 1 1 j1 j0 i1 i0 k1 k0 0 1 1 0 j1 48 32 = 8.81303 ms,8.81303,8.83629
TF17,sddmm,1 4 128 j1 j0 i1 i0 k1 k0 0 1 0 1 j1 48 32 = 9.19771 ms,9.19771,9.49305
TF18,sddmm,1 4 128 j1 j0 i1 i0 k1 k0 0 1 0 1 j1 48 32 = 11.3558 ms,11.3558,12.9897
TF19,sddmm,1 1 1 j1 j0 i1 i0 k1 k0 0 1 1 0 j1 48 32 = 19.1681 ms,19.1681,23.7747
TSC_OPF_1047,sddmm,32768 1 128 j1 j0 i1 i0 k1 k0 1 0 1 0 j1 48 4 = 9.57992 ms,9.57992,9.48175
TSC_OPF_300,sddmm,32768 1 128 j1 j0 i1 i0 k1 k0 1 0 1 0 j1 48 4 = 9.10407 ms,9.10407,9.131
TSOPF_FS_b162_c1,sddmm,32768 1 1 j1 j0 i1 i0 k1 k0 0 0 0 0 j1 48 8 = 9.02431 ms,9.02431,8.99103
TSOPF_FS_b162_c3,sddmm,1 1 1 j1 i1 j0 i0 k1 k0 0 1 1 1 j1 48 8 = 9.77349 ms,9.77349,12.8536
TSOPF_FS_b162_c4,sddmm,32768 1 128 j1 j0 i1 i0 k1 k0 1 0 1 0 j1 48 4 = 10.4206 ms,10.4206,15.6146
TSOPF_FS_b300,sddmm,1 1 1 j1 i1 j0 i0 k1 k0 0 1 1 1 j1 48 8 = 11.0665 ms,11.0665,21.316
TSOPF_FS_b300_c1,sddmm,1 1 1 j1 i1 j0 i0 k1 k0 0 1 1 1 j1 48 8 = 11.0189 ms,11.0189,21.8382
TSOPF_FS_b39_c19,sddmm,1 1 1 j1 i1 j0 i0 k1 k0 0 1 1 1 j1 48 4 = 12.9944 ms,12.9944,25.2525
TSOPF_FS_b39_c30,sddmm,1 1 1 j1 i1 j0 i0 k1 k0 0 1 0 1 j1 48 2 = 17.9305 ms,17.9305,50.9963
TSOPF_FS_b39_c7,sddmm,1 1 1 j1 i1 j0 i0 k1 k0 0 1 1 1 j1 48 8 = 9.27571 ms,9.27571,9.5898
TSOPF_FS_b9_c6,sddmm,1 8 1 j1 j0 i1 i0 k1 k0 0 1 0 1 j1 48 2 = 8.73047 ms,8.73047,8.7683
TSOPF_RS_b162_c1,sddmm,8 1 1 i1 i0 j1 j0 k1 k0 1 1 0 1 i1 48 1 = 0.181367 ms,0.181367,8.85418
TSOPF_RS_b162_c3,sddmm,1 8 1 j1 j0 i1 i0 k1 k0 0 1 0 1 j1 48 2 = 9.06476 ms,9.06476,9.09357
TSOPF_RS_b162_c4,sddmm,32768 4 1 j1 j0 i1 i0 k1 k0 0 0 1 1 j1 48 2 = 9.18549 ms,9.18549,9.16517
TSOPF_RS_b2052_c1,sddmm,32768 1 128 j1 j0 i1 i0 k1 k0 1 0 1 0 j1 48 4 = 12.6838 ms,12.6838,12.1094
TSOPF_RS_b300_c1,sddmm,32768 1 1 j1 j0 i1 i0 k1 k0 0 0 0 0 j1 48 8 = 9.49195 ms,9.49195,9.49228
TSOPF_RS_b300_c2,sddmm,32768 1 1 j1 j0 i1 i0 k1 k0 0 0 0 0 j1 48 8 = 10.1721 ms,10.1721,10.3575
TSOPF_RS_b300_c3,sddmm,32768 1 128 j1 j0 i1 i0 k1 k0 1 0 1 0 j1 48 4 = 11.7305 ms,11.7305,11.2366
TSOPF_RS_b39_c19,sddmm,8 1 1 i1 i0 j1 j0 k1 k0 1 1 0 1 i1 48 2 = 9.23726 ms,9.23726,9.14242
TSOPF_RS_b39_c30,sddmm,8 1 1 i1 i0 j1 j0 k1 k0 1 1 0 1 i1 48 2 = 9.62713 ms,9.62713,9.67433
TSOPF_RS_b39_c7,sddmm,1 8 1 j1 j0 i1 i0 k1 k0 0 1 0 1 j1 48 2 = 8.81882 ms,8.81882,8.89261
TSOPF_RS_b678_c1,sddmm,32768 1 128 j1 j0 i1 i0 k1 k0 1 0 1 0 j1 48 4 = 11.2273 ms,11.2273,10.8984
Trec12,sddmm,32768 1 1 j1 j0 i1 i0 k1 k0 1 0 0 1 j1 48 16 = 8.70406 ms,8.70406,8.5675
Trec13,sddmm,32768 1 128 j1 j0 i1 i0 k1 k0 1 0 1 0 j1 48 4 = 9.02734 ms,9.02734,8.73493
Trec14,sddmm,32768 1 1 j1 j0 i1 i0 k1 k0 1 0 0 1 j1 48 16 = 10.6251 ms,10.6251,10.354
Trefethen_20000,sddmm,1 1 1 j1 i1 j0 i0 k1 k0 0 1 1 1 j1 48 8 = 0.600919 ms,0.600919,9.17548
Trefethen_20000b,sddmm,1 1 32 i1 j1 k1 j0 i0 k0 0 1 0 1 i1 48 16 = 8.80948 ms,8.80948,0.461412
Wordnet3,sddmm,2 1 1 i1 j1 j0 i0 k1 k0 0 1 0 1 i1 48 32 = 9.14799 ms,9.14799,9.29419
Zd_Jac2,sddmm,32768 4 1 j1 j0 i1 i0 k1 k0 0 0 1 1 j1 48 2 = 9.85488 ms,9.85488,9.6274
Zd_Jac2_db,sddmm,1 4 32 j1 j0 i1 i0 k1 k0 0 1 0 1 j1 48 2 = 9.24307 ms,9.24307,9.10774
Zd_Jac3,sddmm,1 1 1 j1 i1 j0 i0 k1 k0 0 1 1 1 j1 48 8 = 10.0018 ms,10.0018,9.7824
Zd_Jac3_db,sddmm,32768 4 1 j1 j0 i1 i0 k1 k0 0 0 1 1 j1 48 2 = 0.687777 ms,0.687777,8.85873
Zd_Jac6,sddmm,32768 4 1 j1 j0 i1 i0 k1 k0 0 0 1 1 j1 48 2 = 9.90166 ms,9.90166,9.68274
Zd_Jac6_db,sddmm,32768 1 1 j1 j0 i1 i0 k1 k0 0 0 0 0 j1 48 8 = 9.21524 ms,9.21524,9.16761
Zhao1,sddmm,1 16 1 j1 j0 i1 i0 k1 k0 0 1 1 1 j1 48 2 = 8.89036 ms,8.89036,8.94488
Zhao2,sddmm,1 16 1 j1 j0 i1 i0 k1 k0 0 1 1 1 j1 48 2 = 8.83767 ms,8.83767,8.94709
a0nsdsil,sddmm,1 16 1 j1 j0 i1 i0 k1 k0 0 1 1 1 j1 48 8 = 9.77178 ms,9.77178,10.2594
a2nnsnsl,sddmm,1 16 1 j1 j0 i1 i0 k1 k0 0 1 1 1 j1 48 8 = 9.78389 ms,9.78389,10.1893
a5esindl,sddmm,8 1 1 i1 i0 j1 j0 k1 k0 1 1 0 1 i1 48 2 = 9.17127 ms,9.17127,9.56347
abtaha2,sddmm,1 4 32 j1 j0 i1 i0 k1 k0 0 1 0 1 j1 48 2 = 8.58371 ms,8.58371,8.84027
af23560,sddmm,1 8 1 j1 j0 i1 i0 k1 k0 0 1 0 1 j1 48 2 = 0.304618 ms,0.304618,9.03508
aft01,sddmm,32768 1 1 j1 j0 i1 i0 k1 k0 0 0 0 0 j1 48 8 = 8.72213 ms,8.72213,8.88008
aft02,sddmm,1 8 1 j1 j0 i1 i0 k1 k0 0 1 0 1 j1 48 2 = 8.71154 ms,8.71154,8.73
airfoil_2d,sddmm,1 1 8 i1 j1 j0 i0 k1 k0 1 1 0 0 i1 48 4 = 0.541544 ms,0.541544,8.91334
ak2010,sddmm,1 4 128 j1 j0 i1 i0 k1 k0 0 1 0 1 j1 48 32 = 9.05835 ms,9.05835,9.24536
al2010,sddmm,8 1 1 i1 i0 j1 j0 k1 k0 1 1 0 1 i1 48 2 = 14.1421 ms,14.1421,15.2125
amazon-2008,sddmm,1 4 1 j1 i1 i0 j0 k1 k0 0 1 1 1 j1 48 16 = 27.4555 ms,27.4555,29.363
amazon0302,sddmm,8 1 1 i1 i0 j1 j0 k1 k0 1 1 0 1 i1 48 2 = 14.4789 ms,14.4789,14.7263
amazon0312,sddmm,8 1 1 i1 i0 j1 j0 k1 k0 1 1 0 1 i1 48 2 = 19.9985 ms,19.9985,19.9998
amazon0505,sddmm,1 1 1 j1 i1 i0 j0 k1 k0 0 1 0 1 j1 48 16 = 19.9995 ms,19.9995,20.0024
amazon0601,sddmm,8 1 1 i1 i0 j1 j0 k1 k0 1 1 0 1 i1 48 2 = 19.9996 ms,19.9996,23.5735
apache1,sddmm,1 16 1 j1 j0 i1 i0 k1 k0 0 1 1 1 j1 48 8 = 9.91478 ms,9.91478,10.4525
apache2,sddmm,32 1 1 i1 i0 j1 j0 k1 k0 0 0 0 1 i1 48 8 = 20.0005 ms,20.0005,26.8122
appu,sddmm,1 1 128 j1 j0 i1 k1 i0 k0 0 1 0 0 j1 48 4 = 10.4957 ms,10.4957,10.7145
ar2010,sddmm,2 1 8 i1 i0 j1 j0 k1 k0 0 1 0 0 i1 48 32 = 12.5033 ms,12.5033,13.9417
as-caida,sddmm,1 1 8 i1 j1 i0 j0 k1 k0 1 1 0 1 i1 48 16 = 0.49487 ms,0.49487,8.88796
astro-ph,sddmm,8 1 1 i1 i0 j1 j0 k1 k0 1 1 0 1 i1 48 2 = 8.8704 ms,8.8704,8.95067
aug3dcqp,sddmm,1 8 1 j1 j0 i1 i0 k1 k0 0 1 0 1 j1 48 4 = 8.86868 ms,8.86868,8.96654
auto,sddmm,4 1 1 i1 i0 j1 j0 k1 k0 1 1 0 1 i1 48 2 = 36.0039 ms,36.0039,43.8383
av41092,sddmm,1 16 128 j1 j0 i1 i0 k1 k0 0 1 1 1 j1 48 1 = 9.41462 ms,9.41462,9.93712
az2010,sddmm,8 1 1 i1 i0 j1 j0 k1 k0 1 1 0 1 i1 48 2 = 13.7539 ms,13.7539,14.6992
barrier2-1,sddmm,1 1 1 j1 j0 i1 i0 k1 k0 0 1 1 0 j1 48 32 = 15.0219 ms,15.0219,15.8183
barrier2-10,sddmm,1 1 1 j1 j0 i1 i0 k1 k0 0 1 1 0 j1 48 32 = 15.1793 ms,15.1793,16.008
barrier2-11,sddmm,1 8 1 j1 j0 i1 i0 k1 k0 0 1 0 1 j1 48 4 = 15.0249 ms,15.0249,15.8337
barrier2-12,sddmm,1 8 1 j1 j0 i1 i0 k1 k0 0 1 0 1 j1 48 4 = 14.9584 ms,14.9584,15.7538
barrier2-2,sddmm,1 8 1 j1 j0 i1 i0 k1 k0 0 1 0 1 j1 48 4 = 14.8588 ms,14.8588,15.7051
barrier2-3,sddmm,1 8 1 j1 j0 i1 i0 k1 k0 0 1 0 1 j1 48 4 = 14.7737 ms,14.7737,15.4058
barrier2-4,sddmm,1 1 1 j1 j0 i1 i0 k1 k0 0 1 1 0 j1 48 32 = 15.2035 ms,15.2035,16.028
barrier2-9,sddmm,1 8 1 j1 j0 i1 i0 k1 k0 0 1 0 1 j1 48 4 = 15.1935 ms,15.1935,16.0596
bas1lp,sddmm,8 1 1 i1 j1 j0 i0 k1 k0 1 1 0 0 i1 48 4 = 8.93692 ms,8.93692,8.92084
bauru5727,sddmm,1 16 1 j1 j0 i1 i0 k1 k0 0 1 1 1 j1 48 2 = 8.92005 ms,8.92005,9.03676
baxter,sddmm,1 1 1 j1 i1 i0 j0 k1 k0 0 1 0 1 j1 48 16 = 8.84826 ms,8.84826,8.86908
bayer01,sddmm,1 8 1 j1 j0 i1 i0 k1 k0 0 1 0 1 j1 48 4 = 9.29184 ms,9.29184,9.38548
bayer04,sddmm,8 1 1 i1 i0 j1 j0 k1 k0 1 1 0 1 i1 48 2 = 8.75954 ms,8.75954,8.8154
bbmat,sddmm,32768 8 64 j1 j0 i1 i0 k1 k0 0 0 0 1 j1 48 2 = 9.60669 ms,9.60669,9.78315
bcircuit,sddmm,1 8 1 j1 j0 i1 i0 k1 k0 0 1 0 1 j1 48 4 = 9.58479 ms,9.58479,9.77379
bcsstk15,sddmm,1 1 1 j1 i1 j0 i0 k1 k0 0 1 1 1 j1 48 8 = 8.68341 ms,8.68341,8.73787
bcsstk16,sddmm,32768 1 1 j1 j0 i1 i0 k1 k0 0 0 0 0 j1 48 8 = 8.84955 ms,8.84955,8.83179
bcsstk17,sddmm,32768 1 1 j1 j0 i1 i0 k1 k0 0 0 0 0 j1 48 8 = 8.92774 ms,8.92774,8.98208
bcsstk18,sddmm,1 1 1 j1 j0 i1 i0 k1 k0 0 1 1 0 j1 48 32 = 0.143141 ms,0.143141,8.75837
bcsstk24,sddmm,8 1 1 i1 i0 j1 j0 k1 k0 1 1 0 1 i1 48 1 = 8.72056 ms,8.72056,8.73986
bcsstk25,sddmm,1 1 1 j1 j0 i1 i0 k1 k0 0 1 1 0 j1 48 32 = 8.80486 ms,8.80486,8.91268
bcsstk28,sddmm,32768 1 128 j1 j0 i1 i0 k1 k0 1 0 1 0 j1 48 4 = 8.79111 ms,8.79111,8.84556
bcsstk29,sddmm,1 16 1 j1 j0 i1 i0 k1 k0 0 1 1 1 j1 48 2 = 8.99357 ms,8.99357,9.07009
bcsstk30,sddmm,32768 8 64 j1 j0 i1 i0 k1 k0 0 0 0 1 j1 48 2 = 9.78978 ms,9.78978,9.89809
bcsstk31,sddmm,1 16 1 j1 j0 i1 i0 k1 k0 0 1 1 1 j1 48 2 = 9.33262 ms,9.33262,9.4632
bcsstk32,sddmm,1 16 1 j1 j0 i1 i0 k1 k0 0 1 1 1 j1 48 2 = 9.86831 ms,9.86831,10.0022
bcsstk33,sddmm,32768 1 1 j1 j0 i1 i0 k1 k0 0 0 0 0 j1 48 8 = 0.375136 ms,0.375136,9.06494
bcsstk35,sddmm,1 1 1 j1 j0 i1 i0 k1 k0 0 1 1 0 j1 48 32 = 9.43119 ms,9.43119,9.51282
bcsstk36,sddmm,1 8 1 j1 j0 i1 i0 k1 k0 0 1 0 1 j1 48 2 = 9.29975 ms,9.29975,9.36849
bcsstk37,sddmm,1 1 1 j1 j0 i1 i0 k1 k0 0 1 1 0 j1 48 32 = 9.28935 ms,9.28935,9.32016
bcsstk38,sddmm,32768 4 1 j1 j0 i1 i0 k1 k0 0 0 1 1 j1 48 2 = 8.83918 ms,8.83918,0.235386
bcsstk39,sddmm,32768 8 64 j1 j0 i1 i0 k1 k0 0 0 0 1 j1 48 2 = 9.75801 ms,9.75801,9.82562
bcsstm36,sddmm,1 16 1 j1 j0 i1 i0 k1 k0 0 1 1 1 j1 48 2 = 0.199052 ms,0.199052,8.98782
belgium_osm,sddmm,2 32 1 j1 j0 i1 i0 k1 k0 0 0 1 1 j1 48 32 = 29.8304 ms,29.8304,33.0966
benzene,sddmm,32768 4 1 j1 j0 i1 i0 k1 k0 0 0 1 1 j1 48 2 = 8.91247 ms,8.91247,8.90444
bfly,sddmm,1 8 1 j1 j0 i1 i0 k1 k0 0 1 0 1 j1 48 4 = 9.18428 ms,9.18428,9.52571
bibd_15_7,sddmm,16384 1 1 j1 j0 i1 i0 k1 k0 1 0 1 1 j1 48 4 = 8.7486 ms,8.7486,8.59545
bibd_16_8,sddmm,1 4 1 j1 j0 i1 i0 k1 k0 0 1 1 1 j1 48 1 = 8.9554 ms,8.9554,9.10858
bibd_17_8,sddmm,1 4 1 j1 j0 i1 i0 k1 k0 0 1 1 1 j1 48 1 = 8.87173 ms,8.87173,12.3218
bibd_18_9,sddmm,1 1 1 j1 j0 i1 i0 k1 k0 0 1 0 1 j1 48 8 = 9.67878 ms,9.67878,26.6781
bibd_19_9,sddmm,16384 1 1 j1 j0 i1 i0 k1 k0 0 0 1 1 j1 48 8 = 10.5632 ms,10.5632,61.0501
bibd_81_3,sddmm,1 8 1 j1 j0 i1 i0 k1 k0 0 1 0 1 j1 48 2 = 9.3162 ms,9.3162,9.10773
blockqp1,sddmm,1 1 1 i1 i0 j1 j0 k1 k0 1 0 0 1 i1 48 2 = 12.0428 ms,12.0428,16.6478
bloweya,sddmm,1 8 1 j1 j0 i1 i0 k1 k0 0 1 0 1 j1 48 4 = 8.7648 ms,8.7648,8.85208
bloweybl,sddmm,1 8 1 j1 j0 i1 i0 k1 k0 0 1 0 1 j1 48 4 = 8.76108 ms,8.76108,8.82667
bmw7st_1,sddmm,1 1 1 j1 j0 i1 i0 k1 k0 0 1 1 0 j1 48 32 = 13.3881 ms,13.3881,14.0215
bodyy4,sddmm,1 16 1 j1 j0 i1 i0 k1 k0 0 1 1 1 j1 48 2 = 8.70775 ms,8.70775,8.83557
bodyy5,sddmm,1 8 1 j1 j0 i1 i0 k1 k0 0 1 0 1 j1 48 4 = 8.71049 ms,8.71049,8.82908
bodyy6,sddmm,1 8 1 j1 j0 i1 i0 k1 k0 0 1 0 1 j1 48 4 = 8.72191 ms,8.72191,8.77297
boneS01,sddmm,32768 8 64 j1 j0 i1 i0 k1 k0 0 0 0 1 j1 48 2 = 12.7902 ms,12.7902,13.5556
boyd1,sddmm,1 4 1 j1 i1 i0 j0 k1 k0 0 0 0 1 j1 48 1 = 21.6496 ms,21.6496,57.6729
boyd2,sddmm,1 2 1 j1 i1 i0 j0 k1 k0 0 1 1 1 j1 48 16 = 37.0199 ms,37.0199,32.3899
brack2,sddmm,1 1 1 j1 i1 i0 j0 k1 k0 0 1 0 1 j1 48 16 = 9.64211 ms,9.64211,9.96971
brainpc2,sddmm,1 16 1 j1 j0 i1 i0 k1 k0 0 1 1 1 j1 48 2 = 8.77614 ms,8.77614,8.8552
bratu3d,sddmm,1 16 1 j1 j0 i1 i0 k1 k0 0 1 1 1 j1 48 2 = 8.78585 ms,8.78585,8.89326
bundle1,sddmm,32768 1 128 j1 j0 i1 i0 k1 k0 1 0 1 0 j1 48 4 = 9.33417 ms,9.33417,9.08241
c-39,sddmm,8 1 1 i1 i0 j1 j0 k1 k0 1 1 0 1 i1 48 1 = 8.85306 ms,8.85306,8.83533
c-41,sddmm,1 16 128 j1 j0 i1 i0 k1 k0 0 1 1 1 j1 48 1 = 8.77887 ms,8.77887,8.75589
c-42,sddmm,1 4 32 j1 j0 i1 i0 k1 k0 0 1 0 1 j1 48 2 = 0.267893 ms,0.267893,8.78852
c-43,sddmm,1 8 1 j1 j0 i1 i0 k1 k0 0 1 0 1 j1 48 2 = 8.81481 ms,8.81481,8.76308
c-45,sddmm,8 1 1 i1 i0 j1 j0 k1 k0 1 1 0 1 i1 48 1 = 0.53626 ms,0.53626,8.82207
c-46,sddmm,8 1 1 i1 i0 j1 j0 k1 k0 1 1 0 1 i1 48 1 = 0.247651 ms,0.247651,8.97381
c-47,sddmm,1 16 128 j1 j0 i1 i0 k1 k0 0 1 1 1 j1 48 1 = 8.93016 ms,8.93016,8.86268
c-48,sddmm,1 16 128 j1 j0 i1 i0 k1 k0 0 1 1 1 j1 48 1 = 8.84182 ms,8.84182,8.85033
c-49,sddmm,1 8 1 j1 j0 i1 i0 k1 k0 0 1 0 1 j1 48 4 = 8.86165 ms,8.86165,8.86028
c-50,sddmm,1 16 128 j1 j0 i1 i0 k1 k0 0 1 1 1 j1 48 1 = 8.84944 ms,8.84944,8.84295
c-51,sddmm,1 8 1 j1 j0 i1 i0 k1 k0 0 1 0 1 j1 48 2 = 8.93007 ms,8.93007,8.90864
c-52,sddmm,1 16 1 j1 j0 i1 i0 k1 k0 0 1 1 1 j1 48 2 = 8.87698 ms,8.87698,8.93816
c-53,sddmm,1 16 1 j1 j0 i1 i0 k1 k0 0 1 1 1 j1 48 2 = 8.9889 ms,8.9889,8.96517
c-54,sddmm,1 16 1 j1 j0 i1 i0 k1 k0 0 1 1 1 j1 48 2 = 9.05372 ms,9.05372,9.09757
c-55,sddmm,1 8 1 j1 j0 i1 i0 k1 k0 0 1 0 1 j1 48 2 = 9.13608 ms,9.13608,9.17166
c-56,sddmm,1 16 1 j1 j0 i1 i0 k1 k0 0 1 1 1 j1 48 2 = 9.10331 ms,9.10331,9.252
c-57,sddmm,1 8 1 j1 j0 i1 i0 k1 k0 0 1 0 1 j1 48 2 = 9.08161 ms,9.08161,9.06431
c-58,sddmm,1 8 1 j1 j0 i1 i0 k1 k0 0 1 0 1 j1 48 2 = 9.33417 ms,9.33417,9.36182
c-59,sddmm,1 1 8 i1 j1 j0 i0 k1 k0 1 1 0 0 i1 48 4 = 4.82473 ms,4.82473,9.33716
c-60,sddmm,1 16 1 j1 j0 i1 i0 k1 k0 0 1 1 1 j1 48 2 = 5.26193 ms,5.26193,9.41236
c-61,sddmm,1 16 16 j1 j0 i1 i0 k1 k0 0 1 1 1 j1 48 4 = 0.981321 ms,0.981321,9.27446
c-62,sddmm,1 1 8 i1 j1 j0 i0 k1 k0 1 1 0 0 i1 48 4 = 2.12491 ms,2.12491,9.43642
c-62ghs,sddmm,1 8 1 j1 j0 i1 i0 k1 k0 0 1 0 1 j1 48 4 = 9.30584 ms,9.30584,9.39634
c-63,sddmm,1 1 8 i1 j1 j0 i0 k1 k0 1 1 0 0 i1 48 4 = 6.74765 ms,6.74765,9.35192
c-64,sddmm,1 8 1 j1 j0 i1 i0 k1 k0 0 1 0 1 j1 48 2 = 9.39715 ms,9.39715,9.80877
c-64b,sddmm,1 8 1 j1 j0 i1 i0 k1 k0 0 1 0 1 j1 48 2 = 9.42538 ms,9.42538,9.73611
c-65,sddmm,1 8 1 j1 j0 i1 i0 k1 k0 0 1 0 1 j1 48 2 = 9.32762 ms,9.32762,9.42958
c-66,sddmm,1 8 1 j1 j0 i1 i0 k1 k0 0 1 0 1 j1 48 4 = 9.39507 ms,9.39507,9.52917
c-66b,sddmm,1 8 1 j1 j0 i1 i0 k1 k0 0 1 0 1 j1 48 2 = 1.12954 ms,1.12954,9.53913
c-67,sddmm,1 16 1 j1 j0 i1 i0 k1 k0 0 1 1 1 j1 48 2 = 9.62987 ms,9.62987,9.74426
c-67b,sddmm,1 1 8 j1 i1 i0 j0 k1 k0 0 1 0 1 j1 48 4 = 2.43047 ms,2.43047,9.60612
c-68,sddmm,1 8 1 j1 j0 i1 i0 k1 k0 0 1 0 1 j1 48 2 = 9.92588 ms,9.92588,9.89395
c-69,sddmm,1 8 1 j1 j0 i1 i0 k1 k0 0 1 0 1 j1 48 4 = 9.88381 ms,9.88381,10.1284
c-70,sddmm,1 8 1 j1 j0 i1 i0 k1 k0 0 1 0 1 j1 48 2 = 10.1382 ms,10.1382,10.2863
c-71,sddmm,1 8 1 j1 j0 i1 i0 k1 k0 0 1 0 1 j1 48 4 = 10.3944 ms,10.3944,10.6088
c-72,sddmm,1 8 1 j1 j0 i1 i0 k1 k0 0 1 0 1 j1 48 2 = 10.4706 ms,10.4706,10.6326
c-73,sddmm,1 4 32 j1 j0 i1 i0 k1 k0 0 1 0 1 j1 48 2 = 13.807 ms,13.807,15.3734
c-73b,sddmm,8 1 1 i1 i0 j1 j0 k1 k0 1 1 0 1 i1 48 1 = 13.7855 ms,13.7855,15.7058
c-big,sddmm,8 1 1 i1 i0 j1 j0 k1 k0 1 1 0 1 i1 48 2 = 18.3481 ms,18.3481,19.914
c8_mat11,sddmm,32768 4 1 j1 j0 i1 i0 k1 k0 0 0 1 1 j1 48 2 = 11.477 ms,11.477,10.9141
c8_mat11_I,sddmm,32768 1 1 j1 j0 i1 i0 k1 k0 0 0 0 0 j1 48 8 = 11.4757 ms,11.4757,10.8803
ca-AstroPh,sddmm,1 1 1 j1 i1 i0 j0 k1 k0 0 1 1 1 j1 48 8 = 9.31963 ms,9.31963,9.50341
ca-CondMat,sddmm,1 1 8 j1 i1 j0 i0 k1 k0 0 1 1 1 j1 48 32 = 9.09692 ms,9.09692,8.95989
ca-HepPh,sddmm,1 1 1 j1 j0 i1 i0 k1 k0 0 1 1 0 j1 48 32 = 8.96751 ms,8.96751,9.13077
ca2010,sddmm,8 1 4 i1 i0 j1 j0 k1 k0 0 0 0 1 i1 48 16 = 27.7613 ms,27.7613,29.228
cage10,sddmm,1 1 1 j1 j0 i1 i0 k1 k0 0 1 1 0 j1 48 32 = 8.81677 ms,8.81677,8.85642
cage11,sddmm,1 4 32 j1 j0 i1 i0 k1 k0 0 1 0 1 j1 48 2 = 9.64095 ms,9.64095,9.34916
cage12,sddmm,1 1 1 j1 j0 i1 i0 k1 k0 0 1 1 0 j1 48 32 = 12.7766 ms,12.7766,13.5116
cage13,sddmm,1 4 128 j1 j0 i1 i0 k1 k0 0 1 0 1 j1 48 32 = 25.4654 ms,25.4654,29.7928
caidaRouterLevel,sddmm,8 1 1 i1 i0 j1 j0 k1 k0 1 1 0 1 i1 48 2 = 14.0661 ms,14.0661,15.7819
cant,sddmm,32768 8 64 j1 j0 i1 i0 k1 k0 0 0 0 1 j1 48 2 = 11.5402 ms,11.5402,11.9953
cari,sddmm,32768 1 128 j1 j0 i1 i0 k1 k0 1 0 1 0 j1 48 4 = 8.83152 ms,8.83152,9.064
case39,sddmm,1 1 1 j1 i1 j0 i0 k1 k0 0 1 1 1 j1 48 8 = 9.92019 ms,9.92019,12.2468
case9,sddmm,1 4 1 j1 j0 i1 i0 k1 k0 0 1 1 1 j1 48 1 = 9.01382 ms,9.01382,8.82511
cat_ears_4_4,sddmm,8 1 1 i1 i0 j1 j0 k1 k0 1 1 0 1 i1 48 2 = 8.99283 ms,8.99283,8.93205
cavity16,sddmm,32768 1 1 j1 j0 i1 i0 k1 k0 0 0 0 0 j1 48 8 = 8.82078 ms,8.82078,8.82368
cavity17,sddmm,32768 1 128 j1 j0 i1 i0 k1 k0 1 0 1 0 j1 48 4 = 8.79283 ms,8.79283,8.83211
cavity18,sddmm,32768 1 128 j1 j0 i1 i0 k1 k0 1 0 1 0 j1 48 4 = 8.79993 ms,8.79993,8.82278
cavity19,sddmm,32768 4 1 j1 j0 i1 i0 k1 k0 0 0 1 1 j1 48 2 = 8.92985 ms,8.92985,8.80683
cavity20,sddmm,32768 1 128 j1 j0 i1 i0 k1 k0 1 0 1 0 j1 48 4 = 8.82253 ms,8.82253,8.83247
cavity21,sddmm,1 1 1 j1 i1 j0 i0 k1 k0 0 1 1 1 j1 48 8 = 8.97708 ms,8.97708,8.8134
cavity22,sddmm,32768 1 1 j1 j0 i1 i0 k1 k0 0 0 0 0 j1 48 8 = 8.86758 ms,8.86758,8.84983
cavity23,sddmm,32768 1 1 j1 j0 i1 i0 k1 k0 0 0 0 0 j1 48 8 = 8.90432 ms,8.90432,9.03805
cavity24,sddmm,32768 1 1 j1 j0 i1 i0 k1 k0 0 0 0 0 j1 48 8 = 8.80296 ms,8.80296,8.82344
cavity25,sddmm,32768 1 1 j1 j0 i1 i0 k1 k0 0 0 0 0 j1 48 8 = 8.82825 ms,8.82825,8.81837
cavity26,sddmm,32768 1 1 j1 j0 i1 i0 k1 k0 0 0 0 0 j1 48 8 = 8.81997 ms,8.81997,8.82159
cbuckle,sddmm,1 1 1 j1 i1 j0 i0 k1 k0 0 1 1 1 j1 48 8 = 9.34069 ms,9.34069,9.2714
cca,sddmm,8 1 1 i1 i0 j1 j0 k1 k0 1 1 0 1 i1 48 2 = 9.27355 ms,9.27355,9.2223
ccc,sddmm,1 16 1 j1 j0 i1 i0 k1 k0 0 1 1 1 j1 48 2 = 9.49371 ms,9.49371,9.28353
